target,scenario,set,model,fold,n,mae,mae_lo,mae_hi,rmse,mae_persistence,skill_vs_persistence,skill_lo,skill_hi,dm_stat,dm_p
toc,lab_known,A,ridge,test2023,185,0.10175031464439908,0.06096413653575521,0.1705589148664029,0.27504829247695634,0.0972972972972973,-0.04576712273410166,-0.16487966694970976,0.10313907992843141,0.6201861707422085,0.5359025585415881
toc,lab_known,A,ridge,test2024,112,0.08988196499762569,0.04197916528273727,0.1774948433498802,0.19409145187291857,0.08303571428571428,-0.08244947093914812,-0.17789987672103436,-0.043328262351981575,6.056395385549293,1.940351407606604e-08
toc,lab_known,A,ridge,test2025,205,0.054930803848084526,0.04830236207501191,0.06585648030434402,0.07908517642981772,0.04634146341463411,-0.18534892514287749,-0.24335465668710432,-0.11164326512192489,8.696278795613924,1.138983122480915e-15
toc,lab_known,A,ridge,test2026,131,0.07991543616830886,0.04793953918522293,0.11156575595196645,0.17141982479029705,0.07022900763358775,-0.13792631935309418,-0.23910833215768149,-0.09319318930135465,12.509204140141813,4.655087376022883e-24
toc,lab_known,A,ridge,POOLED,633,0.07996891819250189,0.05987364636625242,0.10570135778817674,0.19204690502750152,0.07266982622432858,-0.10044185251855886,-0.1586816229664439,-0.037859565101754984,3.5505437720118165,0.00041300353907027936
toc,lab_known,A,rf,test2023,185,0.10093356017163142,0.06278914737398124,0.16358878191518358,0.2757788414797583,0.0972972972972973,-0.037372701763989546,-0.11572638045923923,0.017953435145341857,1.6328988847472377,0.10420032537168912
toc,lab_known,A,rf,test2024,112,0.09324352776625992,0.04586113924726557,0.1780543818858923,0.19083121745596782,0.08303571428571428,-0.12293280750764635,-0.3028493727255566,-0.04626093985495409,4.886793806709291,3.476235616238401e-06
toc,lab_known,A,rf,test2025,205,0.04938028532143747,0.04210300571699472,0.06220139558201615,0.0774417105911386,0.04634146341463411,-0.06557457798891453,-0.0913753856605243,-0.035602505705918094,3.725120638251975,0.00025266592909884865
toc,lab_known,A,rf,test2026,131,0.08454293630979341,0.040811145924750096,0.12184111307643779,0.19599748033111125,0.07022900763358775,-0.20381789745466783,-0.25968994688965125,-0.042715020991850726,2.108791756555056,0.03688107908116708
toc,lab_known,A,rf,POOLED,633,0.07948509777101193,0.058721993465161174,0.10370707884056644,0.19637486619411063,0.07266982622432858,-0.09378406280544693,-0.13417627114265201,-0.04115184632083116,4.068623646900203,5.32787358012904e-05
toc,lab_known,A,hgb,test2023,185,0.10424512829804389,0.06589938215370146,0.16829170694710865,0.27778191082016684,0.0972972972972973,-0.0714082630632289,-0.18162649895322963,-0.005506646163621724,2.4609653502011626,0.014778479339808994
toc,lab_known,A,hgb,test2024,112,0.09485551434218333,0.05200741015077781,0.17106250297885073,0.18564750135601904,0.08303571428571428,-0.14234597917468106,-0.5751507939582668,0.009909436654868296,1.6363988438186572,0.10458848171259735
toc,lab_known,A,hgb,test2025,205,0.058775569521637754,0.048715949881187055,0.07430618912699201,0.08871545708792113,0.04634146341463411,-0.26831492125639467,-0.3496881369914015,-0.17685084006049298,4.791294502369848,3.1855018703371264e-06
toc,lab_known,A,hgb,test2026,131,0.08155795386631684,0.046289536873364345,0.11379830095493654,0.17218869211558097,0.07022900763358775,-0.16131434309646875,-0.23705322578801236,-0.10339528396260712,3.997936748575958,0.00010652555655846701
toc,lab_known,A,hgb,POOLED,633,0.08316311224310569,0.06386846296586009,0.10595051178690428,0.19322099778202415,0.07266982622432858,-0.1443967402149111,-0.22966844589300295,-0.07369677071612227,5.729261597944022,1.5615013677544892e-08
toc,lab_known,AB,ridge,test2023,185,0.09692807063520309,0.05897310855800569,0.16071551192848668,0.2568170898385627,0.0972972972972973,0.0037948295826349954,-0.1035343235457814,0.13367669743082647,-0.05304440583501088,0.9577540725254993
toc,lab_known,AB,ridge,test2024,112,0.11488596063692935,0.05782794890203168,0.20536000870857726,0.202716744074382,0.08303571428571428,-0.3835728592834504,-0.9140087454986144,-0.07715658233372359,1.8494749748210941,0.06704966571778373
toc,lab_known,AB,ridge,test2025,205,0.0541006798553306,0.04644916982949767,0.0650127155761256,0.07669197549522064,0.04634146341463411,-0.16743572319397693,-0.26090435694311154,-0.04508342019174651,3.299426300842028,0.0011432779158025836
toc,lab_known,AB,ridge,test2026,131,0.08453587718653854,0.05779666164947152,0.11490484327082666,0.16323043644806695,0.07022900763358775,-0.20371738167788656,-0.5235795490552281,-0.10569357283180499,4.791223549734025,4.451560035568178e-06
toc,lab_known,AB,ridge,POOLED,633,0.08367102676244546,0.06352759800487294,0.10827203950741553,0.18429808829765126,0.07266982622432858,-0.1513860856658258,-0.2852605433058955,-0.058569312311098305,3.1242426414851425,0.0018642326803197144
toc,lab_known,AB,rf,test2023,185,0.1018527727635527,0.064570221853493,0.16213880371836834,0.27122058567685015,0.0972972972972973,-0.04682016451429161,-0.1550878803634627,0.020168777964163827,1.5312093623801253,0.12743511893293705
toc,lab_known,AB,rf,test2024,112,0.10017797446171137,0.04523393140622835,0.19922039192266108,0.20391791468544979,0.08303571428571428,-0.20644442362491122,-0.7200267619447408,0.05010037098761707,1.0713213037554075,0.28634883820985246
toc,lab_known,AB,rf,test2025,205,0.05294050647810637,0.04372154953953008,0.06907120662257427,0.08334796992825243,0.04634146341463411,-0.14240040294861211,-0.26323705967349487,-0.05563616153123603,2.5100290793297093,0.012849118740555016
toc,lab_known,AB,rf,test2026,131,0.07490152936176048,0.04308816162562238,0.10705869394161906,0.16852342924989958,0.07022900763358775,-0.06653264634680744,-0.14348951282143174,-0.03707271910058399,4.0968252152825455,7.32266205897151e-05
toc,lab_known,AB,rf,POOLED,633,0.08013838906061824,0.060151827280302994,0.10521403822394479,0.19231065369623193,0.07266982622432858,-0.10277391902981203,-0.2098635986339276,-0.030374124191973766,2.511380005627173,0.012274315858930906
toc,lab_known,AB,hgb,test2023,185,0.1035673305259501,0.0639346066239095,0.168549767423627,0.27702451578258347,0.0972972972972973,-0.06444200818337609,-0.15779527140386823,-0.01271964449605212,2.681974776361786,0.007984859348538162
toc,lab_known,AB,hgb,test2024,112,0.09988024576376352,0.05264382996844771,0.17999548197466833,0.18785259390582323,0.08303571428571428,-0.20285887371414124,-0.586447391600747,0.0015801784350568512,1.6612773737941082,0.09947974062111904
toc,lab_known,AB,hgb,test2025,205,0.056172199721665685,0.04729726610449806,0.07037332569325065,0.08174864247779044,0.04634146341463411,-0.21213694136226047,-0.2733161658889329,-0.13845440111176294,5.562539772547952,8.282805139956109e-08
toc,lab_known,AB,hgb,test2026,131,0.07969094711496172,0.047534872845820045,0.11119105101991048,0.16996367779994628,0.07022900763358775,-0.1347297904413034,-0.2800616044680123,-0.07522760097712172,4.847682295488461,3.5018641755470444e-06
toc,lab_known,AB,hgb,POOLED,633,0.08262457928569311,0.06363907476163447,0.10599970148669166,0.19187264279267774,0.07266982622432858,-0.136986058431386,-0.22268981446807118,-0.0752576110641154,5.322255569535493,1.4253503220143048e-07
toc,lab_known,ABC,ridge,test2023,185,0.10117178922342307,0.06058221888729199,0.16825047716198793,0.2556778550334906,0.0972972972972973,-0.0398211670185149,-0.17239992337751006,0.10525670008496123,0.4771845403699847,0.6337970069969614
toc,lab_known,ABC,ridge,test2024,112,0.12680403234696122,0.06452394560218107,0.2340237906837604,0.2251120526358418,0.08303571428571428,-0.5271023250386728,-1.2512286535236157,-0.16466171227307994,2.044142876731915,0.043306097026032046
toc,lab_known,ABC,ridge,test2025,205,0.05888484420968972,0.049761091161311,0.07355776552884492,0.08269387096217265,0.04634146341463411,-0.2706729539985686,-0.3926055685573321,-0.1477889232048029,4.302323690997081,2.6208264074467155e-05
toc,lab_known,ABC,ridge,test2026,131,0.09139773322037172,0.06525302293386787,0.12102765909553057,0.16607573098147985,0.07022900763358775,-0.30142424476833707,-0.7214484581433966,-0.1603087756201972,6.16210600065142,8.363626845186956e-09
toc,lab_known,ABC,ridge,POOLED,633,0.08998946089107111,0.06833851647491927,0.11714107085964956,0.18972122048202708,0.07266982622432858,-0.23833323356626157,-0.4021500594581956,-0.12125906978627417,3.8944270838182447,0.00010890967893025385
toc,lab_known,ABC,rf,test2023,185,0.10089537616447652,0.0634826769422977,0.16144269149833462,0.2708528175195322,0.0972972972972973,-0.036980255023786546,-0.14474044096677266,0.03245567499281507,1.111665864060241,0.2677322599527734
toc,lab_known,ABC,rf,test2024,112,0.10898692979254622,0.04620240514997289,0.2207032912524864,0.21863759084634943,0.08303571428571428,-0.3125307673941051,-0.9471370221935969,0.0036519838162162627,1.2843711625287242,0.20168625269065113
toc,lab_known,ABC,rf,test2025,205,0.053058564805584456,0.04435795847662611,0.06804865961050088,0.08061865982707012,0.04634146341463411,-0.1449479773836655,-0.23554029570397808,-0.07513005827171552,3.07815913765194,0.0023691161757357256
toc,lab_known,ABC,rf,test2026,131,0.07497785798759861,0.04337342347821949,0.10695272634504184,0.16850261832497088,0.07022900763358775,-0.0676194996060242,-0.14360333344127962,-0.03937824581647424,4.804477122531277,4.208401383663204e-06
toc,lab_known,ABC,rf,POOLED,633,0.08147122576416045,0.06035876295913383,0.10794268444038968,0.19462594347147008,0.07266982622432858,-0.12111491105899086,-0.2555046439036451,-0.038733411095975445,2.310820610450364,0.02116375472817275
toc,lab_known,ABC,hgb,test2023,185,0.10238153897460789,0.06344147578749328,0.16702999284396342,0.2790761675240566,0.0972972972972973,-0.052254706127914385,-0.13854350082392522,-0.002871950279194089,2.094084647841797,0.037622375145514086
toc,lab_known,ABC,hgb,test2024,112,0.09839459824818807,0.05367493067399169,0.17479364889088903,0.18497560708063138,0.08303571428571428,-0.1849672047093618,-0.5622792510812917,0.005990761860619465,1.74294709608252,0.08411208944944383
toc,lab_known,ABC,hgb,test2025,205,0.05677521146710719,0.047403230801045505,0.07158508550371728,0.08238005807326057,0.04634146341463411,-0.22514930007968248,-0.2892214734316548,-0.14662212692608412,5.376915114509654,2.0640686852616737e-07
toc,lab_known,ABC,hgb,test2026,131,0.07959433454656437,0.04740874836052274,0.11083278212844123,0.16973623185836437,0.07022900763358775,-0.13335411147825416,-0.27792986057221125,-0.07087646251175349,4.574642304328678,1.0992003076436843e-05
toc,lab_known,ABC,hgb,POOLED,633,0.08219045164369103,0.06354515975110304,0.10538740568736872,0.19229234143394508,0.07266982622432858,-0.1310120845751399,-0.21520288158651524,-0.06780567414468133,5.337192856711833,1.317475368189666e-07
toc,lab_known,ABCD,ridge,test2023,185,0.09888927241287843,0.0607802770181911,0.1631427955861337,0.2501597589050913,0.0972972972972973,-0.016361966465694877,-0.14922072753476373,0.1225084187703506,0.21858545673695912,0.8272152365726058
toc,lab_known,ABCD,ridge,test2024,112,0.0949349491392747,0.054164259910949066,0.16684575945999763,0.17402511805492615,0.08303571428571428,-0.14330261329019,-0.6522578264491404,0.10904794048509828,0.8312240339854379,0.40763157320783433
toc,lab_known,ABCD,ridge,test2025,205,0.06636637447842045,0.05915139924938653,0.07699462259801444,0.09116868492147295,0.04634146341463411,-0.4321165019027582,-0.6487538144846583,-0.2083554921845033,4.878513324600586,2.1497827271070746e-06
toc,lab_known,ABCD,ridge,test2026,131,0.09941292421365824,0.0692886746397256,0.1281478566603961,0.17118927780452198,0.07022900763358775,-0.41555359478143883,-1.0646259891631136,-0.1951659215306169,4.407253615169999,2.1697595833995047e-05
toc,lab_known,ABCD,ridge,POOLED,633,0.08776529153245924,0.06955177234514873,0.10927851734157719,0.1800128733217369,0.07266982622432858,-0.20772672913145018,-0.3639593026518871,-0.08235058325179846,4.00776660198853,6.860422404895026e-05
toc,lab_known,ABCD,rf,test2023,185,0.09893265767006379,0.06115394002747692,0.15949429848983412,0.26850736140045295,0.0972972972972973,-0.016807870497877797,-0.09644645884820979,0.0339064913502424,0.6416462320715479,0.5219014162904775
toc,lab_known,ABCD,rf,test2024,112,0.09909734857598965,0.04499846149750197,0.1957973172528365,0.19939077384987555,0.08303571428571428,-0.19343043446353136,-0.6429353312438091,0.032343605792884166,1.113646794810701,0.2678364695751007
toc,lab_known,ABCD,rf,test2025,205,0.05340187878352206,0.04544551106164561,0.06760968295079424,0.07758618880612166,0.04634146341463411,-0.1523563316444243,-0.23548132479256237,-0.08206332141881385,3.7656292864163725,0.00021727289503086593
toc,lab_known,ABCD,rf,test2026,131,0.07574314011081591,0.04338074237706464,0.10645058188993942,0.168661657381,0.07022900763358775,-0.07851645157792286,-0.15085019483531403,-0.036365398429471105,4.332103927519204,2.928514424807265e-05
toc,lab_known,ABCD,rf,POOLED,633,0.07941734789038159,0.05952223565405002,0.10424973997964773,0.18958294670523385,0.07266982622432858,-0.09285176553503383,-0.18844348251886728,-0.026978133767333868,2.5845292915090448,0.00997426028284201
toc,lab_known,ABCD,hgb,test2023,185,0.10215652986783301,0.062311762859686495,0.16789823511196197,0.27915604482850387,0.0972972972972973,-0.049942112530505955,-0.1280304454835403,0.0024333306934767114,2.023632866267549,0.04445451495860711
toc,lab_known,ABCD,hgb,test2024,112,0.09590503527597595,0.05183401264103743,0.17267031732389795,0.18412849731409328,0.08303571428571428,-0.1549853710655169,-0.4932182735523463,-0.000986655144661881,1.9445253974978136,0.05436230842344742
toc,lab_known,ABCD,hgb,test2025,205,0.05737449041651166,0.04842862949567613,0.0718064574140365,0.08087893372906721,0.04634146341463411,-0.23808110898788404,-0.3290269920019273,-0.1389799516934947,5.334249746908698,2.538365910280125e-07
toc,lab_known,ABCD,hgb,test2026,131,0.07897886340543732,0.04663767995452699,0.10921393251764139,0.16840128813399036,0.07022900763358775,-0.12459033762090166,-0.2554092602310112,-0.05628662439647872,3.7766886362167567,0.0002408240288966754
toc,lab_known,ABCD,hgb,POOLED,633,0.0817509061895033,0.06297214172032768,0.10479795138803312,0.19173228601789097,0.07266982622432858,-0.12496355691207839,-0.20105041395079631,-0.0681765342020744,5.714624414526688,1.6948115899613825e-08
toc,lab_blind,B,ridge,test2023,185,0.7440429351610415,0.3385420783305434,1.2939129884744855,1.1849714609173658,0.0972972972972973,-6.6471079447107035,-10.149552194598925,-3.8474615943217056,3.7069144614192764,0.0002774859699279257
toc,lab_blind,B,ridge,test2024,112,0.688668896440071,0.46330391797509507,0.9133678858922938,0.8426635706685439,0.08303571428571428,-7.293646924869673,-14.747772013116434,-3.651497220417143,7.374631121772954,3.170650973356527e-11
toc,lab_blind,B,ridge,test2025,205,0.30683831280419366,0.21114366818372965,0.39379568782337293,0.36809215801761186,0.04634146341463411,-5.621247802616815,-7.888603077032899,-3.093853245677216,6.465726349147061,7.301963091921518e-10
toc,lab_blind,B,ridge,test2026,131,0.28953818704725187,0.22946301324036222,0.37119011252879847,0.33271531557161627,0.07022900763358775,-3.1227720112163064,-7.776582080610552,-1.538477153071889,6.134013371116826,9.592953899686474e-09
toc,lab_blind,B,ridge,POOLED,633,0.49859433812658815,0.36350266164283,0.6838532752037789,0.7764053586396624,0.07266982622432858,-5.861091652915878,-7.939132065865412,-4.26647437752974,6.142441206150506,1.4373951990665924e-09
toc,lab_blind,B,rf,test2023,185,0.7808643878646336,0.3859820594833093,1.4162181190817245,1.30326675354686,0.0972972972972973,-7.025550653053179,-10.80203579412975,-4.200695111307524,3.4261521201390077,0.0007550645270334467
toc,lab_blind,B,rf,test2024,112,0.4531298176730279,0.28799702376165454,0.6606368817838589,0.5674374397724441,0.08303571428571428,-4.457047266599906,-9.599649103898104,-2.3178448554924813,5.95747869232637,3.0737955109603055e-08
toc,lab_blind,B,rf,test2025,205,0.34102220685762547,0.2708052791287688,0.4495318101837918,0.4216308640512147,0.04634146341463411,-6.358900253243503,-7.978746877971162,-4.705054128778267,7.753270573589625,4.1764201339282265e-13
toc,lab_blind,B,rf,test2026,131,0.3436273023090996,0.3128753698418831,0.38015880976749694,0.37235376001215115,0.07022900763358775,-3.8929539785317466,-7.916981520481942,-2.369246718509559,11.2213118464261,7.491822016945287e-21
toc,lab_blind,B,rf,POOLED,633,0.4899449926424038,0.3584948626989676,0.6864565416836209,0.7997746619752428,0.07266982622432858,-5.742069137883515,-7.718950435744133,-4.267246096970567,5.679307799967422,2.0637095068352146e-08
toc,lab_blind,B,hgb,test2023,185,0.7757758998453148,0.38301531566960934,1.3808018889003706,1.2821353674871463,0.0972972972972973,-6.973252303965735,-10.6328041629889,-4.173956741860144,3.495671679558543,0.0005925818409344895
toc,lab_blind,B,hgb,test2024,112,0.6613623950086804,0.31626862263730876,1.1388233584797318,0.9797095923149992,0.08303571428571428,-6.964794434513141,-16.739431735426965,-2.55803678659537,3.484042183852491,0.0007079532547329868
toc,lab_blind,B,hgb,test2025,205,0.3338314285044351,0.2455177801919054,0.44449091205678093,0.42632942923521644,0.04634146341463411,-6.203730825622026,-7.551204867849571,-4.617699777199641,7.016368528093786,3.294047075562501e-11
toc,lab_blind,B,hgb,test2026,131,0.2973398997489272,0.2333154964399523,0.37211060044552885,0.35309763856057413,0.07022900763358775,-3.233861615990161,-7.021249255164418,-2.088389311121501,7.774607568652323,2.0318530326861637e-12
toc,lab_blind,B,hgb,POOLED,633,0.5133935219950618,0.37013909444367143,0.7223526034833717,0.8572800991173398,0.07266982622432858,-6.064741291801614,-8.261931154463092,-4.465661653712786,5.558696278092318,4.011782002246292e-08
toc,lab_blind,BC,ridge,test2023,185,0.777652375674669,0.3559509210339698,1.3417747511742308,1.22011241187668,0.0972972972972973,-6.992538305545209,-10.549786637391483,-4.064692390352621,3.7729755125334346,0.00021738051112294327
toc,lab_blind,BC,ridge,test2024,112,0.5087912540181593,0.3426214386315244,0.7343629660795716,0.6282980281668692,0.08303571428571428,-5.127378543014392,-10.247263700989798,-2.860349759424011,6.549856632542047,1.8613751819897218e-09
toc,lab_blind,BC,ridge,test2025,205,0.2855620665990403,0.17906662512570912,0.37516531298659556,0.36030951803242706,0.04634146341463411,-5.162128805558243,-7.780707569039763,-2.4482804919339,5.406796872967236,1.7844912835724554e-07
toc,lab_blind,BC,ridge,test2026,131,0.36235666194037436,0.2929781747942825,0.45602854798239084,0.4065812205301674,0.07022900763358775,-4.15964377328142,-10.330335747391642,-2.225863523294914,7.073204931181335,8.373061107043654e-11
toc,lab_blind,BC,ridge,POOLED,633,0.4847697572145971,0.3471243703075839,0.6730894299847782,0.7623514566110232,0.07266982622432858,-5.6708533981921745,-7.697575575159862,-4.129664879558874,5.834558079799106,8.616356346739298e-09
toc,lab_blind,BC,rf,test2023,185,0.8635870668677239,0.3761398414908622,1.5890054481581146,1.4834940323998889,0.0972972972972973,-7.875755965029384,-12.322438762293942,-4.258856045374197,3.2563150629726816,0.0013437338046903115
toc,lab_blind,BC,rf,test2024,112,0.37868088852278764,0.2536198228376361,0.546961956842386,0.4828741216075599,0.08303571428571428,-3.5604580123174427,-7.650160196801731,-1.9455466786442437,6.2903096778327585,6.450063653059955e-09
toc,lab_blind,BC,rf,test2025,205,0.29771672957750545,0.2617436587069297,0.34336463552001234,0.3270131362226614,0.04634146341463411,-5.424413638251438,-6.525790124607193,-4.334849448064591,13.944242550943377,1.7589052441090136e-31
toc,lab_blind,BC,rf,test2026,131,0.3666467776950708,0.3324297169040698,0.40928891787252375,0.39425068583046174,0.07022900763358775,-4.220731291092859,-8.693278816547867,-2.736190763838275,13.59907671004261,9.537148632913772e-27
toc,lab_blind,BC,rf,POOLED,633,0.4916880321114124,0.33853303560865977,0.7209071911460997,0.8667441479964619,0.07266982622432858,-5.766054876663568,-7.994978293069224,-4.061972741276121,4.8617219957317115,1.4700484770726376e-06
toc,lab_blind,BC,hgb,test2023,185,0.8758504343478879,0.3872295876970525,1.5852399670486819,1.473004681142631,0.0972972972972973,-8.001796130797736,-12.34477021975881,-4.404980380861042,3.3809476579172215,0.0008821712726067181
toc,lab_blind,BC,hgb,test2024,112,0.5935125427549252,0.30037683729643283,1.0083061066405674,0.9052360452534425,0.08303571428571428,-6.1476779342528625,-14.288276897160422,-2.4432322156673547,3.379673126814183,0.001002208120754719
toc,lab_blind,BC,hgb,test2025,205,0.27940367879027794,0.22467538627358374,0.35018821522605253,0.3282286544631044,0.04634146341463411,-5.029237279158634,-5.98057420724647,-4.014613164211897,9.35892419146259,1.5084251917453765e-17
toc,lab_blind,BC,hgb,test2026,131,0.3694705284781123,0.3195530415275439,0.42726879633519965,0.40432841163645605,0.07022900763358775,-4.2609390468079065,-8.803284071821414,-2.810790007215074,11.977061433880808,9.784564387177973e-23
toc,lab_blind,BC,hgb,POOLED,633,0.5279370118887056,0.36595120327037456,0.7620765797585416,0.9207821951488662,0.07266982622432858,-6.264872359251102,-8.550028913373877,-4.519551910284773,5.100734496372924,4.4789126489287877e-07
toc,lab_blind,BCD,ridge,test2023,185,0.7147193569782957,0.31363730716559873,1.2754544681906559,1.1611652486221269,0.0972972972972973,-6.3457267244991495,-9.705057726158719,-3.54895133114651,3.4856376191121905,0.0006138130522395508
toc,lab_blind,BCD,ridge,test2024,112,0.9926407780190443,0.4578655465347437,1.6685845745181473,1.4399336575229842,0.08303571428571428,-10.954383563240103,-17.64882607307731,-6.434563311547539,3.899255704649414,0.00016561335339554747
toc,lab_blind,BCD,ridge,test2025,205,0.23513964769944443,0.17874383293485027,0.29273648376244826,0.28631114986606676,0.04634146341463411,-4.074066081935384,-5.5831437285121925,-2.592346941634314,7.288183358202184,6.762633960579873e-12
toc,lab_blind,BCD,ridge,test2026,131,0.21700989896662537,0.1449228932105589,0.296527822434862,0.28755764443299003,0.07022900763358775,-2.090032257024776,-5.756203451731159,-0.8766589995922736,4.2334742573218,4.318290633571626e-05
toc,lab_blind,BCD,ridge,POOLED,633,0.5055778400033676,0.3317682304165121,0.7300574889160732,0.8969803419277124,0.07266982622432858,-5.95719071135069,-8.00591523541906,-4.192956182556411,4.915941458938716,1.1274678212984549e-06
toc,lab_blind,BCD,rf,test2023,185,0.8548227936729965,0.3784915758446731,1.5357721049748823,1.43141225917583,0.0972972972972973,-7.785678712750242,-12.102536282352673,-4.303625758775215,3.3961934308401216,0.0008372215605326592
toc,lab_blind,BCD,rf,test2024,112,0.40790098861900276,0.28059791243945975,0.565182286217365,0.5152608875376837,0.08303571428571428,-3.912355991970786,-8.864435643227365,-1.9325553331084695,6.5150570994744745,2.201508298098354e-09
toc,lab_blind,BCD,rf,test2025,205,0.23532707576146977,0.19031996097424633,0.28399861894546224,0.2731640830719901,0.04634146341463411,-4.078110582221194,-4.802392180073967,-3.135886693338689,9.749776265763582,1.1124128489596216e-18
toc,lab_blind,BCD,rf,test2026,131,0.2940317826082397,0.23308072793279802,0.34992902756716115,0.33321123169171635,0.07022900763358775,-3.1867569045303723,-6.749815246648409,-1.9920557138568404,8.542129288243673,3.048817360073733e-14
toc,lab_blind,BCD,rf,POOLED,633,0.45906373081771473,0.30787039126937676,0.6852359580579531,0.8324302619126593,0.07266982622432858,-5.3171161219046414,-7.489924250791691,-3.6413211350923285,4.621027724000858,4.63011826245384e-06
toc,lab_blind,BCD,hgb,test2023,185,0.8558689050036572,0.43701138777171517,1.464855691254673,1.341022376398374,0.0972972972972973,-7.796430412537587,-11.62286817889334,-4.854026281381149,3.862875822405355,0.00015512838860409577
toc,lab_blind,BCD,hgb,test2024,112,0.7119082058151764,0.4065622949313663,1.1413619516931572,0.9751884834568615,0.08303571428571428,-7.573518177559114,-15.716091665503217,-3.839518552700882,4.344073911749151,3.107427416741302e-05
toc,lab_blind,BCD,hgb,test2025,205,0.24004491840178285,0.19284704664798594,0.28934651380063076,0.28418416734093843,0.04634146341463411,-4.1799166602490025,-5.139220738763163,-2.9502500464203916,9.074129538332265,9.828564876550788e-17
toc,lab_blind,BCD,hgb,test2026,131,0.29427475192177766,0.220835233040493,0.3656045171923157,0.34164863546096624,0.07022900763358775,-3.1902165762774883,-6.885079571669513,-1.9940565803783836,7.349603860137126,1.9647512661479844e-11
toc,lab_blind,BCD,hgb,POOLED,633,0.5147372310443834,0.3639583118121605,0.7176547165675102,0.8626450051050637,0.07266982622432858,-6.08323189676293,-8.086719607585158,-4.470089831081482,5.453918926860906,7.076874361465922e-08
toc,lab_blind,jake_ref,rf,test2023,185,0.8446667849153101,0.43999637579028367,1.4379359681966095,1.3103910519729023,0.0972972972972973,-7.681297511629575,-11.527123645417662,-4.793632403042187,3.9289174482767226,0.0001206173153581036
toc,lab_blind,jake_ref,rf,test2024,112,0.4946667166966165,0.34704607830829837,0.7230239940536308,0.6370913435558214,0.08303571428571428,-4.957276588174307,-9.769866817704454,-2.9013949151671596,6.554976044052863,1.8159267306068462e-09
toc,lab_blind,jake_ref,rf,test2025,205,0.2300743295680065,0.1809152674284673,0.27487551462334814,0.27727477548989454,0.04634146341463411,-3.964761848572776,-5.233443935401614,-2.446811347387085,7.776142485142855,3.6334768771640334e-13
toc,lab_blind,jake_ref,rf,test2026,131,0.14629930202908145,0.10689903783389465,0.1810230498224342,0.20173817802050475,0.07022900763358775,-1.083174844109748,-2.4298370313908437,-0.46767262269091037,4.125090628602817,6.571192546670487e-05
toc,lab_blind,jake_ref,rf,POOLED,633,0.4391729440862629,0.3008978637872217,0.636398757094391,0.7790902629978445,0.07266982622432858,-5.043401600143576,-6.967670853243086,-3.5276829033931305,4.86124801015901,1.4734457210821305e-06
alk,lab_known,A,ridge,test2023,185,1.6901419381396796,1.3917820541565014,2.122214939338247,2.2288808717844324,1.4318918918918917,-0.18035582693786623,-0.4641115561281304,-0.027283844256762113,1.8567969954267003,0.06493857529754532
alk,lab_known,A,ridge,test2024,112,1.6795838370660394,1.4173986593954897,1.9216375728859507,2.4264049454189323,1.666964285714285,-0.007570378957667323,-0.04185047034531098,0.024803458768557607,0.4418913498859947,0.6594275468357138
alk,lab_known,A,ridge,test2025,205,1.4459045586202162,1.2276089418751093,1.718309569214315,1.9335407813441434,1.4629268292682929,0.011635763530695953,-0.01043283542518369,0.03701011539633526,-0.9823166581980027,0.3271074338651003
alk,lab_known,A,ridge,test2026,131,1.7836090047722022,1.4193661449587007,2.2719194777244907,2.406912188854017,1.8480916030534347,0.034891451362418224,0.008554239990043611,0.060685174047134506,-2.5844699760089185,0.010856551086424852
alk,lab_known,A,ridge,POOLED,633,1.6285195299360817,1.4771085326709263,1.8071284152697327,2.214335835274145,1.5696682464454976,-0.03749281647497971,-0.11221795542471709,0.009501120490192883,1.2210793572087737,0.2225113062855942
alk,lab_known,A,rf,test2023,185,1.504954231934294,1.303372672068971,1.7099436835632185,1.9920184653828494,1.4318918918918917,-0.051025039289710916,-0.11876323968485075,-0.0020779749758207105,1.8242972727713318,0.06972919522123085
alk,lab_known,A,rf,test2024,112,1.658797208704579,1.3875251936455921,1.9031321339440868,2.401194409283568,1.666964285714285,0.004899371318088264,-0.03331358127407119,0.04105501319802028,-0.26295522459917686,0.7930725519937373
alk,lab_known,A,rf,test2025,205,1.4286956379338944,1.2225959647371436,1.6873357039423562,1.9263136131718446,1.4629268292682929,0.0233991137831,-0.00112716383263105,0.048438756078923284,-1.5566926809444919,0.1210934687822215
alk,lab_known,A,rf,test2026,131,1.7566960968720053,1.429822083772375,2.2190379362594372,2.357683403509932,1.8480916030534347,0.04945399136624229,-0.013278724708882533,0.1063615578908078,-1.7839045905347626,0.07677210808495676
alk,lab_known,A,rf,POOLED,633,1.5595760106626197,1.434863327850669,1.7046768812200508,2.1288449563980723,1.5696682464454976,0.0064295342698890146,-0.021815057726151194,0.03026439396773106,-0.49012958199876516,0.6242123065683474
alk,lab_known,A,hgb,test2023,185,1.6314827521593844,1.4097007647117497,1.8836899812019912,2.110997557252241,1.4318918918918917,-0.13938961551334894,-0.2590742329825543,-0.05758598968913038,2.908109283375984,0.00408385673167688
alk,lab_known,A,hgb,test2024,112,1.67101781619635,1.3690710090885576,1.914392045185705,2.396079850829395,1.666964285714285,-0.0024316840599425404,-0.03269491318121785,0.05437743043646961,0.08933009723663156,0.92898055723234
alk,lab_known,A,hgb,test2025,205,1.4475500792877716,1.2169441127734308,1.7174802993798048,1.9803606094022443,1.4629268292682929,0.01051094946984621,-0.030055867892858367,0.05494816442715374,-0.41704489568605413,0.6770840972783899
alk,lab_known,A,hgb,test2026,131,1.8684189077773012,1.5342398220245357,2.3182951452113003,2.4467854676369836,1.8480916030534347,-0.010999078557730302,-0.13789676474923324,0.08929566933251504,0.22638529792282605,0.821257331272584
alk,lab_known,A,hgb,POOLED,633,1.6279446251758243,1.4843873668620131,1.7904747256180424,2.1971085194667355,1.5696682464454976,-0.037126557705612795,-0.08659906057112346,0.005287470939854732,1.683051431938916,0.09285901053569523
alk,lab_known,AB,ridge,test2023,185,1.7301744849402099,1.4931596301546175,1.8975306577504802,2.1658997146365784,1.4318918918918917,-0.20831362670418607,-0.37935544939613725,-0.04770443475956929,2.7791120394956517,0.0060166690337188945
alk,lab_known,AB,ridge,test2024,112,1.723970773048897,1.4720847533198138,1.963146808934794,2.3909342309181763,1.666964285714285,-0.034197785653329094,-0.1423407441967166,0.03923472581893788,0.8458502126713181,0.3994560381541328
alk,lab_known,AB,ridge,test2025,205,1.4137652568045707,1.1665957362449944,1.714349787122156,1.9036223068456801,1.4629268292682929,0.033604942831153894,-0.019359186329054607,0.09968493166245786,-1.1395937078879088,0.2557919106916006
alk,lab_known,AB,ridge,test2026,131,1.7567289081816102,1.4134894131388354,2.2638715828442204,2.391893655356781,1.8480916030534347,0.049436237208628664,-0.007693307665081334,0.08267873808888347,-1.6836022634357397,0.09465839852125783
alk,lab_known,AB,ridge,POOLED,633,1.6321016918043336,1.4861333066217621,1.8006611462577857,2.1771681624888926,1.5696682464454976,-0.039774930467132874,-0.1030514786304643,0.012733170857079281,1.3929134632608176,0.1641357252049918
alk,lab_known,AB,rf,test2023,185,1.4933961705460153,1.2848997195339067,1.6976141886989795,1.973648506160143,1.4318918918918917,-0.042953157987968504,-0.11720406202910316,0.02481940244491472,1.2112650756957237,0.22734719264541514
alk,lab_known,AB,rf,test2024,112,1.6319357999229986,1.355639776224627,1.8780413074156097,2.3931483674222016,1.666964285714285,0.021013339092791017,-0.02008696234596071,0.06586826635061603,-0.9896645476762497,0.3244905477441579
alk,lab_known,AB,rf,test2025,205,1.4056201576892613,1.1820847093535627,1.6763279470633838,1.9023613688715408,1.4629268292682929,0.03917261645115533,0.011810688087576158,0.07982920118419923,-2.293284708575112,0.022850655031350565
alk,lab_known,AB,rf,test2026,131,1.7466464186164667,1.3995655545963357,2.217731873537232,2.37328914056635,1.8480916030534347,0.05489185940207686,0.017742667826994126,0.08780447008567159,-2.8158152072286304,0.005623905461830486
alk,lab_known,AB,rf,POOLED,633,1.5418924396642093,1.405332034847629,1.6856289394312998,2.1188309783732295,1.5696682464454976,0.017695335841943938,-0.009529943834613275,0.042012156079398136,-1.326752823977456,0.18506962987151987
alk,lab_known,AB,hgb,test2023,185,1.7531416263781878,1.4973337028185751,1.9993896084647214,2.228518070357049,1.4318918918918917,-0.22435334420522768,-0.36680134206723375,-0.07723644527001038,3.3228750046702893,0.001074873051919224
alk,lab_known,AB,hgb,test2024,112,1.6198968639816191,1.3441460743581266,1.8906494814435133,2.358670349829524,1.666964285714285,0.02823541100192062,-0.033241731246999945,0.0813879822851843,-0.8643379354285972,0.38926628344007724
alk,lab_known,AB,hgb,test2025,205,1.4700819945411299,1.1869823551989909,1.760407969219027,1.974002019377763,1.4629268292682929,-0.004890993267527843,-0.07882185662763927,0.09698992703252184,0.10852288232308506,0.9136875969135462
alk,lab_known,AB,hgb,test2026,131,1.7860300429783211,1.4672580263414323,2.239557342192758,2.419910315160424,1.8480916030534347,0.033581430689136216,-0.04361573969509803,0.08038199862490161,-1.0612321559825626,0.29055198914570946
alk,lab_known,AB,hgb,POOLED,633,1.6447020444818288,1.4937069806301913,1.7949851239855574,2.2157729883841593,1.5696682464454976,-0.04780232906300075,-0.1026966963880568,0.009414804147544411,1.7021931373034722,0.08921092883970103
alk,lab_known,ABC,ridge,test2023,185,1.7832019154655765,1.5210401853425086,2.027468669674521,2.2581125017207597,1.4318918918918917,-0.24534675108014992,-0.4398381831009834,-0.07527933443710248,3.020566892553384,0.0028819150090998993
alk,lab_known,ABC,ridge,test2024,112,1.7325281137069477,1.475290420128686,1.9738279849516347,2.3824594996260684,1.666964285714285,-0.039331273353927276,-0.14876098422686188,0.03572316917536428,0.9855776667868064,0.3264838577726862
alk,lab_known,ABC,ridge,test2025,205,1.419512204969038,1.1759441391787535,1.711451952327157,1.9082179165327178,1.4629268292682929,0.029676552121864708,-0.022159159484692215,0.09191754241940658,-1.0113354763318072,0.3130539088788269
alk,lab_known,ABC,ridge,test2026,131,1.7470429838784352,1.399726398198813,2.2479900427070114,2.3784695597653442,1.8480916030534347,0.05467727844661274,0.0007661625471139163,0.08816331465228372,-1.9260240204948462,0.056284426278735526
alk,lab_known,ABC,ridge,POOLED,633,1.6489701990569314,1.502497124011322,1.8200774769447288,2.2010341551760058,1.5696682464454976,-0.050521473433008834,-0.11809251883320022,0.004700014211880941,1.6602764388023523,0.09735487852998163
alk,lab_known,ABC,rf,test2023,185,1.4652616410248889,1.2533611940868858,1.6673569446274512,1.9598043475946434,1.4318918918918917,-0.023304656812398905,-0.09054918230019986,0.03602569861029192,0.7222650293772267,0.4710484878694427
alk,lab_known,ABC,rf,test2024,112,1.6683240689166188,1.3933425578695098,1.9156555199800367,2.3995864566783953,1.666964285714285,-0.0008157242563544553,-0.04606244286736556,0.03334847029981553,0.040152783068067854,0.9680434527222839
alk,lab_known,ABC,rf,test2025,205,1.4058866641169854,1.184905993501283,1.6756456537723172,1.9131042647732952,1.4629268292682929,0.03899044300106047,0.009568623075155203,0.08179463737945643,-2.0821940764819167,0.03857196194476835
alk,lab_known,ABC,rf,test2026,131,1.7325990493260355,1.388807528312942,2.203802288155044,2.357296449153773,1.8480916030534347,0.06249287293799788,0.025299577585126097,0.09136331886392614,-3.4613813953079746,0.0007277041631574278
alk,lab_known,ABC,rf,POOLED,633,1.5372874264043574,1.404784804043516,1.680305184434315,2.115799342666248,1.5696682464454976,0.020629085231523514,-0.0047562844734158225,0.042928328486183116,-1.6448030635714723,0.10050768514256944
alk,lab_known,ABC,hgb,test2023,185,1.712944533720528,1.4862561123508475,1.9940369340345274,2.2225689861227864,1.4318918918918917,-0.19628062943864744,-0.351369166322692,-0.09225507899053303,3.1601228567083255,0.001844158356034874
alk,lab_known,ABC,hgb,test2024,112,1.67534200879648,1.4039250207386105,1.9505243250290978,2.404923390164114,1.666964285714285,-0.005025736396389036,-0.08000111923134984,0.04591426649876217,0.15110821469124266,0.8801646294737053
alk,lab_known,ABC,hgb,test2025,205,1.4660048175029559,1.1966777823245782,1.765767194957917,1.9672653166982763,1.4629268292682929,-0.002103993291450168,-0.05298606712803074,0.07042838813311923,0.06542878999228442,0.9478966751993937
alk,lab_known,ABC,hgb,test2026,131,1.705854976626284,1.3861286163187072,2.1553187843589914,2.3425984782632567,1.8480916030534347,0.07696405643104809,0.024399011155068522,0.1171120815390044,-2.6640634768055675,0.008697722389318313
alk,lab_known,ABC,hgb,POOLED,633,1.6248515533169867,1.4825016991281303,1.7816440976240207,2.2036554811240494,1.5696682464454976,-0.035156031853515124,-0.08882700617456858,0.013014888384405265,1.3732461740463526,0.17016280859711802
alk,lab_known,ABCD,ridge,test2023,185,2.36196441646823,1.8906499589020906,2.724306117847927,2.9949054799991,1.4318918918918917,-0.6495410232035583,-1.0214365111646706,-0.2561583918627766,4.016164263060127,8.608508237432409e-05
alk,lab_known,ABCD,ridge,test2024,112,1.8163956599024014,1.5164876307811068,2.0771088951860146,2.461900150692146,1.666964285714285,-0.08964281686700071,-0.19050324073190483,0.013684938355774714,1.7343447999798554,0.08563302694702087
alk,lab_known,ABCD,ridge,test2025,205,1.4119815411259413,1.1675319192532227,1.7016113330960094,1.889317043987169,1.4629268292682929,0.03482422163781951,-0.018370994100963243,0.10420761476994504,-1.0792925747932345,0.28173175027017994
alk,lab_known,ABCD,ridge,test2026,131,1.755513748442458,1.4167470494885936,2.2473812155960857,2.3718467778400965,1.8480916030534347,0.0500937585875173,-0.009242711282080795,0.0891617140178708,-1.7024952516890794,0.09105252490661037
alk,lab_known,ABCD,ridge,POOLED,633,1.832272113637396,1.637135994745215,2.061126749431136,2.452354514160799,1.5696682464454976,-0.1672989612846938,-0.3094260040469147,-0.05221982005337007,2.705726031200953,0.006999391905181061
alk,lab_known,ABCD,rf,test2023,185,1.4833357148538766,1.2771697904649992,1.696143646050931,1.9681899396565732,1.4318918918918917,-0.03592716967900045,-0.11109431465344967,0.019887321887870815,1.105311884892915,0.27046764507408116
alk,lab_known,ABCD,rf,test2024,112,1.6784561816523542,1.397406594971243,1.935155306774569,2.4049072635436737,1.666964285714285,-0.00689390650810795,-0.06307902055699821,0.03835589162497324,0.26337670778569666,0.792748531400575
alk,lab_known,ABCD,rf,test2025,205,1.3934373653080208,1.1646448417874642,1.6657667043069548,1.90145573989915,1.4629268292682929,0.04750030047301024,0.021782389553156756,0.08959141140332927,-2.646460746208725,0.008768405552346363
alk,lab_known,ABCD,rf,test2026,131,1.7423091224752338,1.4071347241008585,2.1994547243967006,2.353047834384456,1.8480916030534347,0.05723876479035239,0.023545571539153647,0.08359075514323994,-3.1822751560971634,0.0018281029988513678
alk,lab_known,ABCD,rf,POOLED,633,1.5423402125204277,1.4070129875608277,1.6858056349947148,2.114763540744576,1.5696682464454976,0.017410069922070504,-0.010478858257518897,0.04039186858475493,-1.3132053875154255,0.18959032515772192
alk,lab_known,ABCD,hgb,test2023,185,1.6265767196203589,1.419409316799368,1.877456237501588,2.125117175394646,1.4318918918918917,-0.1359633564732594,-0.2840400312336678,-0.029312940949515465,2.321993328755038,0.021328088233770887
alk,lab_known,ABCD,hgb,test2024,112,1.6205151364955024,1.3171728571262986,1.912760027128193,2.3968997359629625,1.666964285714285,0.02786451372524723,-0.027763011998495228,0.08402442269332133,-0.9861331846362653,0.32621244034796354
alk,lab_known,ABCD,hgb,test2025,205,1.4732628634685878,1.2147134817494272,1.7711493755057748,1.977378485943839,1.4629268292682929,-0.007065311807470609,-0.058194890429299755,0.06526376058605031,0.21218289650018254,0.8321762015985235
alk,lab_known,ABCD,hgb,test2026,131,1.7465596602145155,1.4398724410404256,2.183104806701423,2.3527180595229944,1.8480916030534347,0.054938804262281815,0.006911656679386033,0.09136982092862946,-2.20961953901351,0.028882145924995026
alk,lab_known,ABCD,hgb,POOLED,633,1.6006833979722348,1.4652803839476862,1.7494271880177228,2.1790378516597952,1.5696682464454976,-0.01975904882892987,-0.0661349956593644,0.022217015974498995,0.8692890707244049,0.38501904656457114
alk,lab_blind,B,ridge,test2023,185,5.9476237267989145,4.50060924200823,7.06047978728052,7.352333773408073,1.4318918918918917,-3.1536821044084533,-4.201709935049173,-1.9987906049453676,6.646081891867625,3.308633493282107e-10
alk,lab_blind,B,ridge,test2024,112,8.976675603017886,5.472674580150323,13.010386765852912,10.783539199354344,1.666964285714285,-4.3850437468559385,-7.305445616945849,-2.1960876300533263,4.904064161780048,3.234126716376869e-06
alk,lab_blind,B,ridge,test2025,205,5.590536646452304,4.258382184830465,6.905638473374258,6.595805499759636,1.4629268292682929,-2.821473866364529,-3.908247131308878,-1.7651513880946317,6.622681395029536,3.0661086118358094e-10
alk,lab_blind,B,ridge,test2026,131,6.03931186735253,4.10308707052903,8.342358426951893,7.535152176469113,1.8480916030534347,-2.2678639183113654,-3.324370784528334,-1.2492941956271488,4.762279449396544,5.030840836681261e-06
alk,lab_blind,B,ridge,POOLED,633,6.386900354094323,5.433242886236535,7.583472398522476,7.88752266925223,1.5696682464454976,-3.068949199015405,-3.877219790475863,-2.417431310807803,9.356351005207223,1.4158103900463178e-19
alk,lab_blind,B,rf,test2023,185,6.035329563080796,4.681966191003583,7.110493879236063,7.333258770291736,1.4318918918918917,-3.214933820951104,-4.326311958179255,-2.1628956245618607,6.799436478180679,1.421160978570551e-10
alk,lab_blind,B,rf,test2024,112,6.126850277823413,3.674315355077446,8.406760083739066,7.930282437743166,1.666964285714285,-2.675453835651969,-4.10775288312091,-1.196259618393516,3.9187647426756045,0.00015427481334501908
alk,lab_blind,B,rf,test2025,205,7.33874773404386,5.544065379423264,10.083222006816964,9.167838161544632,1.4629268292682929,-4.016483112634182,-6.230782163899773,-2.5619224915110603,5.8313980818290005,2.12680511617804e-08
alk,lab_blind,B,rf,test2026,131,3.8555859931610903,2.6904413329502503,5.047004106511052,4.873314892265564,1.8480916030534347,-1.0862526439657287,-1.9815073976946613,-0.3813705822541814,3.42991684267633,0.0008095601570078105
alk,lab_blind,B,rf,POOLED,633,6.0225406806781425,5.066403789118079,7.246650388497579,7.679761427212667,1.5696682464454976,-2.8368239239827537,-3.7389365096015164,-2.1639576894316197,8.087251048458256,3.1228737560314596e-15
alk,lab_blind,B,hgb,test2023,185,5.969275663883997,4.367533671046148,7.041757667198486,7.274890070044313,1.4318918918918917,-3.168803313773272,-4.187816131335535,-1.955447778097757,6.662770033206578,3.0195458565477583e-10
alk,lab_blind,B,hgb,test2024,112,5.6875120290718835,3.2345913100985935,8.134345710680421,7.574117888089733,1.666964285714285,-2.4118979499520687,-3.9282048495758044,-0.9515103987207546,3.5560714354408933,0.0005546286828046025
alk,lab_blind,B,hgb,test2025,205,6.040851354463985,4.762466291967755,7.889743442605748,7.347140969429635,1.4629268292682929,-3.129291522724631,-4.702789257877698,-2.083762298251549,6.4796490251283165,6.764492488786865e-10
alk,lab_blind,B,hgb,test2026,131,3.7285911236466234,2.592943473392117,4.777185477738407,4.695497145764663,1.8480916030534347,-1.0175358826836338,-1.8712813432778665,-0.31801878809881023,3.4001494603684805,0.0008948890881798621
alk,lab_blind,B,hgb,POOLED,633,5.478889905114401,4.660356424867707,6.490507172854316,6.90379893719788,1.5696682464454976,-2.490476358632665,-3.2123424955572677,-1.9023798279431332,8.501429685417124,1.3494771187866016e-16
alk,lab_blind,BC,ridge,test2023,185,6.6525162583677675,4.79598227877899,9.140524766830747,8.493897879858542,1.4318918918918917,-3.6459626568442323,-5.532908625944056,-2.2710106159307233,5.476679718727777,1.4080028766373584e-07
alk,lab_blind,BC,ridge,test2024,112,7.6975445735304975,3.7792641561315987,11.788752168374327,9.859544911589008,1.666964285714285,-3.617702154447863,-6.535209607870978,-1.2743252818110966,3.862372936732711,0.00018925514475522583
alk,lab_blind,BC,ridge,test2025,205,5.297392117516945,4.206352612766102,6.491464366059186,6.145025932386508,1.4629268292682929,-2.62109164418464,-3.7416972170027005,-1.6957173272119699,6.949344082944256,4.841585728614848e-11
alk,lab_blind,BC,ridge,test2026,131,7.988046730310408,5.387960123544899,10.433118505488707,9.798784185584235,1.8480916030534347,-3.3223218573757283,-4.8077158728319045,-1.8525114398002565,5.227398245748378,6.670024583466128e-07
alk,lab_blind,BC,ridge,POOLED,633,6.674944716895875,5.656597000434534,8.012232329295628,8.38959049462782,1.5696682464454976,-3.252455722418568,-4.143386920437931,-2.546576766072745,8.784910796989122,1.4661971755667002e-17
alk,lab_blind,BC,rf,test2023,185,7.1715372981867525,5.694534869488269,8.206792839448198,8.517333467028543,1.4318918918918917,-4.008434881708379,-5.264990486830584,-2.6664843215820047,8.007803348638358,1.287852859866933e-13
alk,lab_blind,BC,rf,test2024,112,6.291246487190013,3.8835020327827228,8.749278361907992,8.148823690816679,1.666964285714285,-2.7740739505371277,-4.314749570470254,-1.3212812961778817,3.9027639374997203,0.00016351745232943442
alk,lab_blind,BC,rf,test2025,205,6.4553325106309165,4.781534739238232,9.276472237801904,8.405751834609946,1.4629268292682929,-3.412614753849075,-5.660937813390254,-1.9754551625928918,4.987629880346068,1.3050151205149505e-06
alk,lab_blind,BC,rf,test2026,131,5.1861474987058065,2.9056584169875395,7.444434688645507,7.1530613726466585,1.8480916030534347,-1.8062177708817053,-3.3157617253962934,-0.6009242468448068,3.141036222294415,0.0020847637094875303
alk,lab_blind,BC,rf,POOLED,633,6.372958125970978,5.355149705476789,7.558620642810551,8.149995078402101,1.5696682464454976,-3.06006692204069,-3.9792403667807115,-2.3252617768408887,8.369502680170095,3.7195630432401174e-16
alk,lab_blind,BC,hgb,test2023,185,5.701857585407581,4.674492251480468,6.48642124647252,6.712542075686979,1.4318918918918917,-2.9820447463208852,-3.8503877749142243,-2.093570756402862,8.101471523104312,7.311930814241303e-14
alk,lab_blind,BC,hgb,test2024,112,5.01663080118098,3.1407419357021187,6.920607361925121,6.710490882829475,1.666964285714285,-2.00944108051564,-3.3566582903810023,-0.8663847279761714,3.5449052603050966,0.0005761449217312234
alk,lab_blind,BC,hgb,test2025,205,5.753756624616267,4.6964278170861125,7.447123484289398,6.874638493055789,1.4629268292682929,-2.933044708390579,-4.376226379885262,-1.9852017487771898,6.716330040571987,1.8160646139826653e-10
alk,lab_blind,BC,hgb,test2026,131,5.029914794520464,2.3730874762981182,7.559097417306274,7.4216751132652,1.8480916030534347,-1.7216804546971538,-3.3129484514322693,-0.30352075835336795,2.7096099061910652,0.007644763649147499
alk,lab_blind,BC,hgb,POOLED,633,5.458365322529523,4.6662314052660445,6.465683002684562,6.916711379119533,1.5696682464454976,-2.4774006130849315,-3.185255451299447,-1.9209756776816123,8.733419494858751,2.203320857476454e-17
alk,lab_blind,BCD,ridge,test2023,185,5.813589200328002,4.452832256514021,7.785559877518641,7.379213756776382,1.4318918918918917,-3.060075507967839,-4.81487417782979,-1.9895887325845616,5.4310937440728075,1.7557709346457839e-07
alk,lab_blind,BCD,ridge,test2024,112,8.677776946007787,5.572592781839492,12.262547015554606,10.226862130185562,1.666964285714285,-4.205736571788284,-6.7627388762701655,-2.2301084444837533,5.257512369736895,7.154056685610801e-07
alk,lab_blind,BCD,ridge,test2025,205,3.660283698116823,2.92100477922328,4.591711089813272,4.5649402154750875,1.4629268292682929,-1.502027869669719,-2.2473498920080233,-0.9832147554085245,5.784026032241799,2.710917051879259e-08
alk,lab_blind,BCD,ridge,test2026,131,4.049257020671628,2.48991366825451,5.202912067274591,5.740957936073751,1.8480916030534347,-1.1910477889631697,-1.9366560101064896,-0.3606831250367187,2.9150947260819673,0.004188702635942058
alk,lab_blind,BCD,ridge,POOLED,633,5.257876536864904,4.40981758855256,6.399206605277909,6.927428846857504,1.5696682464454976,-2.349673759898837,-3.1576550958624825,-1.7397704031363046,7.300217585652424,8.667388660790934e-13
alk,lab_blind,BCD,rf,test2023,185,7.249945029753623,5.81413664260716,8.310701213449304,8.60536343437423,1.4318918918918917,-4.063193018136732,-5.322648160013304,-2.7527344435734022,8.108334093211667,7.014080478337904e-14
alk,lab_blind,BCD,rf,test2024,112,6.9045819710926475,4.343833613287127,9.403326001443753,8.788561632300816,1.666964285714285,-3.142009538095216,-4.670647923277792,-1.5848596502889207,4.182827628039008,5.775996561699187e-05
alk,lab_blind,BCD,rf,test2025,205,5.855613661276044,4.464294492325421,7.988787598772254,7.494543573329251,1.4629268292682929,-3.002670225280389,-4.771741638859829,-1.7889922800140503,5.380837747058577,2.0250712836599287e-07
alk,lab_blind,BCD,rf,test2026,131,5.164952123711401,3.2662872456553265,7.069613079776142,6.745090235037653,1.8480916030534347,-1.7947489806121175,-3.211189966715145,-0.6683133459033349,3.518344619436384,0.000598938531874655
alk,lab_blind,BCD,rf,POOLED,633,6.305786003214186,5.347247886646151,7.402668813647177,7.93186869434805,1.5696682464454976,-3.017273087796477,-3.8718998779303417,-2.323553443734412,9.025524750219114,2.1342030245138255e-18
alk,lab_blind,BCD,hgb,test2023,185,5.269140613961036,4.544058031089252,6.033616792202787,6.193118706439313,1.4318918918918917,-2.6798452758882285,-3.40218301131416,-2.027346717634979,8.734432649020384,1.4827806149120579e-15
alk,lab_blind,BCD,hgb,test2024,112,5.772974009281074,3.7082379611904654,7.820593518382351,7.48214995855455,1.666964285714285,-2.463165983071669,-3.722281403547638,-1.2324242672108066,3.9395079331385845,0.000143032771254953
alk,lab_blind,BCD,hgb,test2025,205,5.690136188813205,4.878728415451359,6.882804122012066,6.670543330211788,1.4629268292682929,-2.8895562477716132,-3.9742877089415907,-2.1334458233365914,8.39081535644201,7.984367232779208e-15
alk,lab_blind,BCD,hgb,test2026,131,5.035989745201659,3.078462685868238,6.865853429911397,6.6416450779673575,1.8480916030534347,-1.7249676027320016,-3.0551178167085355,-0.5958736317742845,3.4824063910015184,0.0006774126509720953
alk,lab_blind,BCD,hgb,POOLED,633,5.4463770583734545,4.814095949803912,6.297519866880732,6.682364727736346,1.5696682464454976,-2.4697631621884026,-3.0819473196982936,-1.9892419903274157,10.391068783116719,1.8602625509270568e-23
alk,lab_blind,jake_ref,rf,test2023,185,5.765015505704354,4.440887730906247,7.415307053214107,7.434858730075039,1.4318918918918917,-3.0261527691782018,-4.162111102116149,-2.1341377470254645,6.369420948974462,1.4772844994321524e-09
alk,lab_blind,jake_ref,rf,test2024,112,7.51620956716094,4.883709817884159,10.110559468313088,9.215921748097895,1.666964285714285,-3.508920575908011,-5.077599928586621,-1.9003036718058763,4.768116589712454,5.686067119950409e-06
alk,lab_blind,jake_ref,rf,test2025,205,6.657504724265512,4.969657279353154,8.695224564833307,8.782246796671211,1.4629268292682929,-3.5508118321921636,-5.298001437394741,-2.1097581346614396,5.899594066038869,1.4962835437609792e-08
alk,lab_blind,jake_ref,rf,test2026,131,4.941963578383064,2.626179193247004,6.909950426862917,7.199833863353488,1.8480916030534347,-1.6740901642634514,-3.024499118204153,-0.4415824354792499,2.7724053868836553,0.0063823340497996634
alk,lab_blind,jake_ref,rf,POOLED,633,6.193568779336402,5.246834113970605,7.354776936262241,8.178568455084978,1.5696682464454976,-2.9457820423912464,-3.7809762096729416,-2.2648642745661336,8.672218175071087,3.5668966058915804e-17
