target,baseline,fold,n,mae,mae_lo,mae_hi,rmse,mae_persistence,skill_vs_persistence,skill_lo,skill_hi,dm_stat,dm_p
toc,persistence,test2023,185,0.0972972972972973,0.05593918918918919,0.16216891891891888,0.27719638857286333,0.0972972972972973,0.0,0.0,0.0,,
toc,climatology,test2023,185,0.9369627890714847,0.47333186911697783,1.6099559525453002,1.4892144289272846,0.0972972972972973,-8.629895332123592,-13.256180461703892,-5.3843305136414825,3.7526026808217203,0.0002344588171625105
toc,persistence_drift,test2023,185,0.14270270270270272,0.08702027027027032,0.23838513513513512,0.3700620839074789,0.0972972972972973,-0.4666666666666668,-0.6751721466689621,-0.23697487597287425,2.6795001619488024,0.008041842243087453
toc,persistence,test2024,112,0.08303571428571428,0.035714285714285685,0.16877232142857132,0.19295632370343002,0.08303571428571428,0.0,0.0,0.0,,
toc,climatology,test2024,112,0.49563439340554094,0.35607421057913163,0.6855861607142857,0.6041735424264222,0.08303571428571428,-4.968930329185009,-10.963590135613781,-2.3704837457671166,6.997801377569769,2.081805062708501e-10
toc,persistence_drift,test2024,112,0.1357142857142857,0.06785714285714287,0.25629464285714265,0.276457178290909,0.08303571428571428,-0.6344086021505375,-1.1578947368421058,-0.3757655350537355,3.1719499844202863,0.0019584081017089586
toc,persistence,test2025,205,0.04634146341463411,0.03951219512195116,0.05853658536585361,0.07682733253465356,0.04634146341463411,0.0,0.0,0.0,,
toc,climatology,test2025,205,0.586875427831574,0.38015550400394077,0.884983333333333,0.7873339707626119,0.04634146341463411,-11.664153968997132,-16.7159946266198,-7.2190233398626145,5.199295576425485,4.846184749690022e-07
toc,persistence_drift,test2025,205,0.07951219512195117,0.06731707317073166,0.09902439024390236,0.11790860453923718,0.04634146341463411,-0.7157894736842108,-0.9114017125837675,-0.47861356932153365,6.591505180478767,3.6465375555940147e-10
toc,persistence,test2026,131,0.07022900763358775,0.03893129770992362,0.1022900763358778,0.16806033086115324,0.07022900763358775,0.0,0.0,0.0,,
toc,climatology,test2026,131,0.8384082057990957,0.613215221714005,1.2056412531806615,0.9716027036651236,0.07022900763358775,-10.938203799965391,-28.048055034982546,-5.748905656768557,6.274545173834838,4.81575017566449e-09
toc,persistence_drift,test2026,131,0.13358778625954193,0.07786259541984725,0.19465648854961823,0.2775299997538262,0.07022900763358775,-0.9021739130434785,-1.1428571428571432,-0.8152073268921094,4.046164870484313,8.879772713596367e-05
toc,persistence,POOLED,633,0.07266982622432858,0.05315758293838859,0.0966864139020537,0.1918357314665299,0.07266982622432858,0.0,0.0,0.0,,
toc,climatology,POOLED,633,0.7251028526142171,0.54168275077359,0.9365730918532384,1.0530272179166067,0.07266982622432858,-8.978045776191294,-12.374556342425299,-6.43003299266957,6.939271339023143,9.786748212856212e-12
toc,persistence_drift,POOLED,633,0.11911532385466031,0.08988546603475506,0.15505726698262237,0.27200908357660275,0.07266982622432858,-0.6391304347826086,-0.7910488764966381,-0.5003872120730741,6.813249523649665,2.2278336479900525e-11
alk,persistence,test2023,185,1.4318918918918917,1.2291621621621622,1.6070405405405404,1.9344389507177666,1.4318918918918917,0.0,0.0,0.0,,
alk,climatology,test2023,185,10.73252000056348,7.971790306814221,15.02384878553683,13.659971158566968,1.4318918918918917,-6.495342393749507,-10.416244782556372,-4.266321611909525,5.610692098625306,7.306842755953544e-08
alk,persistence_drift,test2023,185,2.1205405405405404,1.746202702702703,2.472702702702702,2.884722104747981,1.4318918918918917,-0.48093620234050594,-0.6010264302906871,-0.3307058464724129,6.175781447324415,4.115949746499103e-09
alk,persistence,test2024,112,1.666964285714285,1.4080133928571423,1.8910937499999994,2.4377426619137395,1.666964285714285,0.0,0.0,0.0,,
alk,climatology,test2024,112,6.146740533506636,4.583121935843304,8.286632812499999,7.20872179942352,1.666964285714285,-2.6873858583435646,-4.337687761902338,-1.7903820935008723,5.635235029492521,1.341538767702996e-07
alk,persistence_drift,test2024,112,2.6187499999999986,2.010658482142856,3.067879464285714,3.5729014819891125,1.666964285714285,-0.5709694697375467,-0.7579568459564813,-0.28532658874023703,5.336808925184104,5.059904287509231e-07
alk,persistence,test2025,205,1.4629268292682929,1.237060975609756,1.7512317073170731,1.9670827725711855,1.4629268292682929,0.0,0.0,0.0,,
alk,climatology,test2025,205,7.368643986730557,5.0476662734938555,9.423109793390314,8.935086732692554,1.4629268292682929,-4.0369190306094165,-5.7941305727048364,-2.328933294267189,6.131876136713872,4.427728888082164e-09
alk,persistence_drift,test2025,205,2.162439024390244,1.799512195121952,2.5763597560975606,2.9580646276684717,1.4629268292682929,-0.47815938646215406,-0.5773920996012345,-0.3390118433497916,6.462622935604846,7.427369116416861e-10
alk,persistence,test2026,131,1.8480916030534347,1.4652576335877858,2.330171755725191,2.4536466084970985,1.8480916030534347,0.0,0.0,0.0,,
alk,climatology,test2026,131,10.286860896662594,7.119544734118257,14.325807409139685,12.207768298100609,1.8480916030534347,-4.5662072592432885,-7.1246955839252495,-2.9290076808948697,5.7939013644626876,4.917949900567009e-08
alk,persistence_drift,test2026,131,2.9526717557251905,2.4056488549618322,3.633263358778626,3.7994475291438827,1.8480916030534347,-0.5976869062370922,-0.69593871440692,-0.503819150735503,9.567894731455905,9.612435140414005e-17
alk,persistence,POOLED,633,1.5696682464454976,1.4312539494470773,1.7204660347551337,2.1550301200506303,1.5696682464454976,0.0,0.0,0.0,,
alk,climatology,POOLED,633,8.739497527013508,7.386249921241355,10.55774531629619,10.973860052634649,1.5696682464454976,-4.567735441424669,-5.887149833381708,-3.582361734862914,8.896110535730392,6.046592060098671e-18
alk,persistence_drift,POOLED,633,2.394470774091627,2.1534695892575035,2.655720774091627,3.242227307684016,1.5696682464454976,-0.5254629629629628,-0.5976191396357048,-0.4521342129332281,11.860119902372057,1.9503347061966315e-29
