target,lead,scenario,set,model,n,mae,mae_lo,mae_hi,rmse,mae_persistence,skill_vs_persistence,skill_lo,skill_hi,dm_stat,dm_p
toc,1,lab_known,ABCD,ridge,633,0.08776529153245924,0.06955177234514873,0.10927851734157719,0.1800128733217369,0.07266982622432858,-0.20772672913145018,-0.3639593026518871,-0.08235058325179846,4.00776660198853,6.860422404895026e-05
toc,1,lab_known,ABCD,rf,633,0.07941734789038159,0.05952223565405002,0.10424973997964773,0.18958294670523385,0.07266982622432858,-0.09285176553503383,-0.18844348251886728,-0.026978133767333868,2.5845292915090443,0.009974260282842023
toc,1,lab_known,ABCD,hgb,633,0.0817509061895033,0.06297214172032768,0.10479795138803312,0.19173228601789097,0.07266982622432858,-0.12496355691207839,-0.20105041395079631,-0.0681765342020744,5.714624414526688,1.6948115899613825e-08
toc,1,lab_blind,BCD,ridge,633,0.5055778400033676,0.3317682304165121,0.7300574889160732,0.8969803419277124,0.07266982622432858,-5.95719071135069,-8.00591523541906,-4.192956182556411,4.915941458938716,1.1274678212984549e-06
toc,1,lab_blind,BCD,rf,633,0.45906373081771457,0.3078703912693767,0.6852359580579531,0.8324302619126592,0.07266982622432858,-5.317116121904639,-7.489924250791689,-3.6413211350923276,4.621027724000859,4.630118262453813e-06
toc,1,lab_blind,BCD,hgb,633,0.5147372310443834,0.3639583118121605,0.7176547165675102,0.8626450051050637,0.07266982622432858,-6.08323189676293,-8.086719607585158,-4.470089831081482,5.453918926860906,7.076874361465922e-08
toc,2,lab_known,ABCD,ridge,631,0.13027425190161374,0.09979298562063825,0.16747630934863528,0.25122928270473877,0.10879556259904909,-0.19742247559968384,-0.43463755948555816,-0.03040736017227079,2.368003640359893,0.018185325035423323
toc,2,lab_known,ABCD,rf,631,0.12430769140063459,0.08282011590515762,0.1771229235491332,0.29489925447716153,0.10879556259904909,-0.14258052838747926,-0.40776660274935117,0.01698554955893764,1.2143480235993425,0.22506983736244265
toc,2,lab_known,ABCD,hgb,631,0.11468773147084768,0.08572481698649573,0.15191169583996214,0.2634248645433652,0.10879556259904909,-0.05415817273277379,-0.15965419940071413,0.019735860262257664,1.415899778785207,0.15729903561049438
toc,2,lab_blind,BCD,ridge,631,0.5031416381721074,0.33176391583814396,0.7294312352167813,0.8896928040619142,0.10879556259904909,-3.624652202281135,-5.051616379651339,-2.5008068960126204,4.757143072956345,2.436546164632516e-06
toc,2,lab_blind,BCD,rf,631,0.46759810578520156,0.3117349956341755,0.6905879816638574,0.8442122424131889,0.10879556259904909,-3.2979519992784017,-4.494228009288964,-2.3109239656022003,4.554498910004961,6.305583502934833e-06
toc,2,lab_blind,BCD,hgb,631,0.5038536605915398,0.3521496071214319,0.7117456601245511,0.8540896161295104,0.10879556259904909,-3.631196792909858,-4.891169217517623,-2.673216336745256,5.263157719212192,1.9443255289023146e-07
toc,3,lab_known,ABCD,ridge,629,0.18026857027017965,0.13493642739261066,0.2402985620181879,0.33349297444847054,0.13887122416534178,-0.2980988059524101,-0.6099998796439811,-0.08434893330007692,2.982599042050709,0.002968943014011702
toc,3,lab_known,ABCD,rf,629,0.15825366798222523,0.10001128976344408,0.23396406282468707,0.3986609490936047,0.13887122416534178,-0.13957134700423235,-0.45775576223954983,0.06447815709384755,0.9509419874533245,0.3419996535457738
toc,3,lab_known,ABCD,hgb,629,0.14985487809712958,0.10524958524072038,0.2053008488974583,0.34899583612333146,0.13887122416534178,-0.0790923677515114,-0.22707033460453424,0.028720751015501676,1.329037008855983,0.18431840619983894
toc,3,lab_blind,BCD,ridge,629,0.508635426833133,0.3363916548371577,0.7189919520931602,0.8924596543443707,0.13887122416534178,-2.66264090988026,-3.8889795654583152,-1.7392746709604776,4.665644225065103,3.761937366430888e-06
toc,3,lab_blind,BCD,rf,629,0.5002100346906828,0.33667749106972766,0.7068055615763188,0.8726872837702502,0.13887122416534178,-2.6019703700107564,-3.484797521707917,-1.8951924788542804,4.951394125753922,9.480776361889569e-07
toc,3,lab_blind,BCD,hgb,629,0.47408659947738013,0.31935742693851843,0.6716195126544917,0.8346256795128385,0.13887122416534178,-2.413857711176556,-3.2788960922133534,-1.7506672442928162,4.974346590914615,8.461446342517102e-07
toc,4,lab_known,ABCD,ridge,627,0.19996010316514384,0.14952437376887015,0.26852379697420853,0.37252922453744486,0.1618022328548644,-0.23583030738832167,-0.524273375174228,-0.018716982441284603,2.3613858780647976,0.018512117382240303
toc,4,lab_known,ABCD,rf,627,0.1803588071011613,0.1144757951922114,0.2606562495268012,0.4327362800649868,0.1618022328548644,-0.11468676246848863,-0.3916488179858332,0.06903996235674913,0.9169415196893127,0.3595263981553934
toc,4,lab_known,ABCD,hgb,627,0.1621511027765358,0.1146098567704003,0.22154653765400992,0.3731743102962117,0.1618022328548644,-0.002156150230536946,-0.14285978122723475,0.1103131138481223,0.03448834855454322,0.9724987271621334
toc,4,lab_blind,BCD,ridge,627,0.4965477047718795,0.3303354570124369,0.6977351022935085,0.8635718696053104,0.1618022328548644,-2.068855701251538,-3.032867856444509,-1.352024154084744,4.681310968273377,3.4967241913294493e-06
toc,4,lab_blind,BCD,rf,627,0.49545504940475255,0.33719718380637803,0.6951424895141353,0.8523694879820963,0.1618022328548644,-2.062102671037752,-2.7799471499344643,-1.4755772708646164,5.00986228911785,7.0954057853976e-07
toc,4,lab_blind,BCD,hgb,627,0.4598349799692219,0.313910296635445,0.6479411335380734,0.8149161652812319,0.1618022328548644,-1.8419569486515743,-2.5114089651015616,-1.2726141181527928,4.8410216591913375,1.6291813762190692e-06
toc,7,lab_known,ABCD,ridge,623,0.2721899144289234,0.20453800594856617,0.35538462691426503,0.4915795654415974,0.2326645264847512,-0.1698814535303157,-0.4726521929605905,0.05554471311757181,1.5071005876527788,0.13229257358511912
toc,7,lab_known,ABCD,rf,623,0.2593589794332965,0.17985790580051295,0.35609737944765535,0.5225627292988259,0.2326645264847512,-0.11473366117242989,-0.3824028082210628,0.08391421998103059,1.0218021291157713,0.3072718062488117
toc,7,lab_known,ABCD,hgb,623,0.2229961140902253,0.1616159984724214,0.2955724707528572,0.45467287854357125,0.2326645264847512,0.04155516331003539,-0.15774392415464092,0.1903313802089045,-0.4569555566609276,0.6478625322064087
toc,7,lab_blind,BCD,ridge,623,0.4543181240648526,0.3157022669136374,0.6228304119390397,0.7382106136175948,0.2326645264847512,-0.9526746553460035,-1.4217407972306413,-0.602501110478296,4.706962469699261,3.1017026533551466e-06
toc,7,lab_blind,BCD,rf,623,0.5130324232051011,0.3589329871094941,0.7126297700926525,0.8748807395368025,0.2326645264847512,-1.2050306978735978,-1.757294563120872,-0.7847174258603301,4.6771247001326,3.5709458993545783e-06
toc,7,lab_blind,BCD,hgb,623,0.4758157898184062,0.33819799656235805,0.6509567033853566,0.8075552436551172,0.2326645264847512,-1.0450723494782137,-1.5823635262725262,-0.6340755931030514,4.514339488405847,7.597978548136834e-06
alk,1,lab_known,ABCD,ridge,633,1.832272113637396,1.637135994745215,2.061126749431136,2.452354514160799,1.5696682464454976,-0.1672989612846938,-0.3094260040469147,-0.05221982005337007,2.705726031200953,0.006999391905181061
alk,1,lab_known,ABCD,rf,633,1.5423402125204277,1.4070129875608277,1.6858056349947148,2.114763540744576,1.5696682464454976,0.017410069922070504,-0.010478858257518897,0.04039186858475493,-1.3132053875154255,0.18959032515772192
alk,1,lab_known,ABCD,hgb,633,1.6006833979722348,1.4652803839476862,1.7494271880177228,2.1790378516597952,1.5696682464454976,-0.01975904882892987,-0.0661349956593644,0.022217015974498995,0.8692890707244049,0.38501904656457114
alk,1,lab_blind,BCD,ridge,633,5.257876536864904,4.40981758855256,6.399206605277909,6.927428846857504,1.5696682464454976,-2.349673759898837,-3.1576550958624825,-1.7397704031363046,7.300217585652424,8.667388660790934e-13
alk,1,lab_blind,BCD,rf,633,6.305786003214187,5.3472478866461515,7.402668813647179,7.93186869434805,1.5696682464454976,-3.017273087796478,-3.8718998779303435,-2.323553443734412,9.025524750219118,2.134203024513754e-18
alk,1,lab_blind,BCD,hgb,633,5.4463770583734545,4.814095949803912,6.297519866880732,6.682364727736346,1.5696682464454976,-2.4697631621884026,-3.0819473196982936,-1.9892419903274157,10.391068783116719,1.8602625509270568e-23
alk,2,lab_known,ABCD,ridge,631,2.2735773661339733,2.017557832363486,2.5797108688373562,3.0426864263419025,2.0431854199683044,-0.11276115418308086,-0.24191739686535801,-0.002822982719399625,1.895145101214778,0.05853070633067386
alk,2,lab_known,ABCD,rf,631,2.082274476066581,1.8634679734460522,2.3475734280446745,2.855190428930336,2.0431854199683044,-0.019131428658532013,-0.07377028904570897,0.02746861518291098,0.7380469121619426,0.4607607646896119
alk,2,lab_known,ABCD,hgb,631,2.0591097450462708,1.8358065673654804,2.3041669665533013,2.8194415849952574,2.0431854199683044,-0.007793871727125756,-0.06272814948095497,0.05207214370921353,0.2575210444758354,0.7968606624102795
alk,2,lab_blind,BCD,ridge,631,6.543792938462283,5.167334900718766,8.20743363710382,9.13317639371738,2.0431854199683044,-2.2027406198717863,-3.077044279288545,-1.4700737846097542,5.876653600506988,6.78610642624444e-09
alk,2,lab_blind,BCD,rf,631,6.311700796229002,5.395427873725704,7.373708080533431,7.874530398166339,2.0431854199683044,-2.0891473355986037,-2.670318867061466,-1.5986609518643757,8.593084119958192,6.664625874406219e-17
alk,2,lab_blind,BCD,hgb,631,5.339481290714741,4.6226383348473945,6.233845031489828,6.633322679377381,2.0431854199683044,-1.613312153919722,-2.045149007884776,-1.256606243081441,8.605680821183995,6.04115628332479e-17
alk,3,lab_known,ABCD,ridge,629,2.8073848881914656,2.400420356528278,3.278724915978322,3.762947517427216,2.504213036565978,-0.12106472061227924,-0.26794097345632406,0.008656685267507106,1.8009277744659484,0.07219389392995092
alk,3,lab_known,ABCD,rf,629,2.5680000628759054,2.248388575102816,2.950939066373206,3.4640639889288387,2.504213036565978,-0.02547188493092367,-0.08801526955061129,0.043224674346489626,0.7454931440731466,0.45625257912033984
alk,3,lab_known,ABCD,hgb,629,2.3902236467500284,2.107219345491453,2.7231493432922123,3.2636268523905905,2.504213036565978,0.04551904656333183,-0.009309725271107249,0.10635088359415043,-1.4893010773540971,0.1369101152705803
alk,3,lab_blind,BCD,ridge,629,6.226782678592708,4.986381646653581,7.701651969062658,8.566048431949504,2.504213036565978,-1.4865227469350941,-2.168808930925383,-0.9353450363371685,5.373529694388147,1.0893693569407394e-07
alk,3,lab_blind,BCD,rf,629,6.241477094140954,5.319780048988681,7.411679219365539,7.875827943111774,2.504213036565978,-1.4923906245212586,-1.9866424119759893,-1.0965632081015149,7.316393383476111,7.809311780945416e-13
alk,3,lab_blind,BCD,hgb,629,5.199524273256792,4.463802336623096,6.116455957665003,6.612990684574488,2.504213036565978,-1.0763106801755526,-1.433591625536451,-0.7483939887713845,6.945473415092199,9.447615946826036e-12
alk,4,lab_known,ABCD,ridge,627,3.304154979601775,2.7467283191042817,3.9381034297555204,4.542550704375328,2.950637958532696,-0.11981036848210191,-0.29328338322955194,0.025799499604177472,1.5244446358848838,0.12790269341689284
alk,4,lab_known,ABCD,rf,627,3.1050061022819553,2.6935874150846337,3.582080962410727,4.187047789837682,2.950637958532696,-0.052316870425548334,-0.1411595963213382,0.03018906672185243,1.2098120075629042,0.22680769296974695
alk,4,lab_known,ABCD,hgb,627,2.943884063969382,2.576460135880926,3.372271824112589,4.0041083477322825,2.950637958532696,0.0022889607800858913,-0.07023798920781407,0.07846403235732614,-0.06079701955305746,0.9515402684009246
alk,4,lab_blind,BCD,ridge,627,5.9674038213056875,4.783486345820012,7.425977261863061,8.288516911264965,2.950637958532696,-1.0224113921021947,-1.6127904697944928,-0.5845518468611876,4.5196020842578095,7.409070301434697e-06
alk,4,lab_blind,BCD,rf,627,6.238435846164909,5.217072314904507,7.469555924492879,7.951607933602368,2.950637958532696,-1.1142667903815555,-1.6190324740413542,-0.7255328845162788,5.8682403338446125,7.141825824681862e-09
alk,4,lab_blind,BCD,hgb,627,5.175145917524101,4.428829778351053,6.083053742263894,6.568753649191674,2.950637958532696,-0.7539074567106894,-1.1002926127110768,-0.472252878212934,5.565846541185352,3.87210952020893e-08
alk,7,lab_known,ABCD,ridge,623,4.471860933944997,3.65994029949396,5.629154006491777,6.391182199030621,4.118298555377207,-0.08585156559525031,-0.3377664179876678,0.09053515695555407,0.8155972810562917,0.4150427073855348
alk,7,lab_known,ABCD,rf,623,4.773438239342612,4.067864677875358,5.575721389105286,6.173445784203827,4.118298555377207,-0.15908018205965146,-0.35570213462087963,0.0034821621968892835,1.8806537478070318,0.06048600674443811
alk,7,lab_known,ABCD,hgb,623,4.619396595759514,3.952916377348682,5.455046908028886,6.066016056790333,4.118298555377207,-0.12167598673195523,-0.3271783645502725,0.030870133274897217,1.4146188487406783,0.1576806685809065
alk,7,lab_blind,BCD,ridge,623,6.333843274524016,5.36430250161575,7.657337940155615,8.096160829274188,4.118298555377207,-0.5379757415241306,-0.969720896902107,-0.23056968512705137,3.421839807739308,0.0006627762515951007
alk,7,lab_blind,BCD,rf,623,6.09631013645868,5.2460254046311805,7.234804892214851,7.6520308148871266,4.118298555377207,-0.4802982480468323,-0.8442713179746044,-0.21800195988402352,3.6411316700990612,0.0002940375965172681
alk,7,lab_blind,BCD,hgb,623,5.359948027883175,4.4406008339260135,6.580072145830599,7.178563143959641,4.118298555377207,-0.30149574048845085,-0.6924321186993654,-0.02867681418307547,2.020314755744366,0.04377885943890305
