sonde_feature,target,lag_days,spearman_rho,n
sonde_temp_surf,TOC_mg_L,0,-0.49640087675158107,104
sonde_temp_surf,Alk_mg_L,0,-0.4484752737200459,104
sonde_cond_surf,TOC_mg_L,0,-0.4295333472734671,104
sonde_cond_surf,Alk_mg_L,0,-0.302139136690642,104
sonde_turb_surf,TOC_mg_L,0,-0.054989783375613804,104
sonde_turb_surf,Alk_mg_L,0,-0.0677972930651141,104
sonde_temp_bot,TOC_mg_L,0,-0.6199081614593996,104
sonde_temp_bot,Alk_mg_L,0,-0.5136653492051015,104
sonde_cond_bot,TOC_mg_L,0,-0.5424037467629399,104
sonde_cond_bot,Alk_mg_L,0,-0.27119839850610106,104
sonde_turb_bot,TOC_mg_L,0,-0.38356743575125657,104
sonde_turb_bot,Alk_mg_L,0,-0.194127234463345,104
sonde_temp_all,TOC_mg_L,0,-0.5772113503672562,104
sonde_temp_all,Alk_mg_L,0,-0.5041397856212096,104
sonde_cond_all,TOC_mg_L,0,-0.5042900842394081,104
sonde_cond_all,Alk_mg_L,0,-0.264511826421722,104
sonde_turb_all,TOC_mg_L,0,-0.3563301262879601,104
sonde_turb_all,Alk_mg_L,0,-0.38680191890825893,104
sonde_turb_max,TOC_mg_L,0,-0.28156254034568473,104
sonde_turb_max,Alk_mg_L,0,-0.21372804465838924,104
sonde_chl_surf,TOC_mg_L,0,-0.13874980268017623,104
sonde_chl_surf,Alk_mg_L,0,-0.40851702433201814,104
sonde_do_all,TOC_mg_L,0,0.51889092304484,104
sonde_do_all,Alk_mg_L,0,0.4117391506323639,104
sonde_ph_all,TOC_mg_L,0,-0.2329168265326945,104
sonde_ph_all,Alk_mg_L,0,0.12751981366985027,104
sonde_strat,TOC_mg_L,0,0.46379915526894866,104
sonde_strat,Alk_mg_L,0,0.04939418293137488,104
sonde_temp_surf,TOC_mg_L,1,-0.5018472636336944,103
sonde_temp_surf,Alk_mg_L,1,-0.4817289224018075,103
sonde_cond_surf,TOC_mg_L,1,-0.4479560624744919,103
sonde_cond_surf,Alk_mg_L,1,-0.336675186644615,103
sonde_turb_surf,TOC_mg_L,1,-0.03746233955018749,103
sonde_turb_surf,Alk_mg_L,1,-0.05814266881040366,103
sonde_temp_bot,TOC_mg_L,1,-0.6075802902417368,103
sonde_temp_bot,Alk_mg_L,1,-0.5000055283046357,103
sonde_cond_bot,TOC_mg_L,1,-0.5065931863313762,103
sonde_cond_bot,Alk_mg_L,1,-0.2518018589624099,103
sonde_turb_bot,TOC_mg_L,1,-0.3953375815785764,103
sonde_turb_bot,Alk_mg_L,1,-0.1903145396460307,103
sonde_temp_all,TOC_mg_L,1,-0.5832886595917602,103
sonde_temp_all,Alk_mg_L,1,-0.5167110162969714,103
sonde_cond_all,TOC_mg_L,1,-0.5115207711418879,103
sonde_cond_all,Alk_mg_L,1,-0.2739842859643998,103
sonde_turb_all,TOC_mg_L,1,-0.319322255767827,103
sonde_turb_all,Alk_mg_L,1,-0.3333461745685362,103
sonde_turb_max,TOC_mg_L,1,-0.23198639575882526,103
sonde_turb_max,Alk_mg_L,1,-0.20600621370388905,103
sonde_chl_surf,TOC_mg_L,1,-0.11144433527145757,103
sonde_chl_surf,Alk_mg_L,1,-0.43309137734135117,103
sonde_do_all,TOC_mg_L,1,0.560626311016227,103
sonde_do_all,Alk_mg_L,1,0.39254326059464895,103
sonde_ph_all,TOC_mg_L,1,-0.21678534695738608,103
sonde_ph_all,Alk_mg_L,1,0.11531785726244974,103
sonde_strat,TOC_mg_L,1,0.4742005608373901,103
sonde_strat,Alk_mg_L,1,-0.02728581350145712,103
sonde_temp_surf,TOC_mg_L,2,-0.5194364634967803,102
sonde_temp_surf,Alk_mg_L,2,-0.49910211139527755,102
sonde_cond_surf,TOC_mg_L,2,-0.45461232970210264,102
sonde_cond_surf,Alk_mg_L,2,-0.3513810991298855,102
sonde_turb_surf,TOC_mg_L,2,-0.05063901608037737,102
sonde_turb_surf,Alk_mg_L,2,-0.045356721505706174,102
sonde_temp_bot,TOC_mg_L,2,-0.5799557781426424,102
sonde_temp_bot,Alk_mg_L,2,-0.46972419901229145,102
sonde_cond_bot,TOC_mg_L,2,-0.49206718474519656,102
sonde_cond_bot,Alk_mg_L,2,-0.20455941071295214,102
sonde_turb_bot,TOC_mg_L,2,-0.4777103528404067,102
sonde_turb_bot,Alk_mg_L,2,-0.16556655421057967,102
sonde_temp_all,TOC_mg_L,2,-0.5788781091312384,102
sonde_temp_all,Alk_mg_L,2,-0.5090908278504862,102
sonde_cond_all,TOC_mg_L,2,-0.493379129628645,102
sonde_cond_all,Alk_mg_L,2,-0.2619351410196542,102
sonde_turb_all,TOC_mg_L,2,-0.3700270261004824,102
sonde_turb_all,Alk_mg_L,2,-0.28139221044542856,102
sonde_turb_max,TOC_mg_L,2,-0.30999819540633894,102
sonde_turb_max,Alk_mg_L,2,-0.1432672337234706,102
sonde_chl_surf,TOC_mg_L,2,-0.08486081767340359,102
sonde_chl_surf,Alk_mg_L,2,-0.49300620267343387,102
sonde_do_all,TOC_mg_L,2,0.5764064986811703,102
sonde_do_all,Alk_mg_L,2,0.35362092456378275,102
sonde_ph_all,TOC_mg_L,2,-0.20977061582853015,102
sonde_ph_all,Alk_mg_L,2,0.10536794951533443,102
sonde_strat,TOC_mg_L,2,0.4074291690723663,102
sonde_strat,Alk_mg_L,2,-0.11003990862745353,102
sonde_temp_surf,TOC_mg_L,3,-0.49032013820315823,101
sonde_temp_surf,Alk_mg_L,3,-0.5081123153655638,101
sonde_cond_surf,TOC_mg_L,3,-0.4223127789100959,101
sonde_cond_surf,Alk_mg_L,3,-0.3813798911407678,101
sonde_turb_surf,TOC_mg_L,3,-0.0998569021534694,101
sonde_turb_surf,Alk_mg_L,3,-0.04097243406741003,101
sonde_temp_bot,TOC_mg_L,3,-0.5349411400053408,101
sonde_temp_bot,Alk_mg_L,3,-0.4633359334315847,101
sonde_cond_bot,TOC_mg_L,3,-0.4789725558482929,101
sonde_cond_bot,Alk_mg_L,3,-0.23214276181436366,101
sonde_turb_bot,TOC_mg_L,3,-0.5235980875856067,101
sonde_turb_bot,Alk_mg_L,3,-0.17265406031041308,101
sonde_temp_all,TOC_mg_L,3,-0.5520646898618087,101
sonde_temp_all,Alk_mg_L,3,-0.5171421607985156,101
sonde_cond_all,TOC_mg_L,3,-0.45275531314070666,101
sonde_cond_all,Alk_mg_L,3,-0.29699452914315044,101
sonde_turb_all,TOC_mg_L,3,-0.42809475678370845,101
sonde_turb_all,Alk_mg_L,3,-0.26153927797867,101
sonde_turb_max,TOC_mg_L,3,-0.4321015135810892,101
sonde_turb_max,Alk_mg_L,3,-0.12473674268725801,101
sonde_chl_surf,TOC_mg_L,3,-0.06253509768393047,101
sonde_chl_surf,Alk_mg_L,3,-0.4795531846048662,101
sonde_do_all,TOC_mg_L,3,0.5484524562838035,101
sonde_do_all,Alk_mg_L,3,0.3517794752408787,101
sonde_ph_all,TOC_mg_L,3,-0.22020199933008627,101
sonde_ph_all,Alk_mg_L,3,0.0665703508144131,101
sonde_strat,TOC_mg_L,3,0.35835641035176835,101
sonde_strat,Alk_mg_L,3,-0.09872825196918342,101
sonde_temp_surf,TOC_mg_L,4,-0.5362675907238325,100
sonde_temp_surf,Alk_mg_L,4,-0.5072042501589381,100
sonde_cond_surf,TOC_mg_L,4,-0.46750248505880787,100
sonde_cond_surf,Alk_mg_L,4,-0.39903725065461604,100
sonde_turb_surf,TOC_mg_L,4,-0.06880264202834897,100
sonde_turb_surf,Alk_mg_L,4,-0.020990081964042336,100
sonde_temp_bot,TOC_mg_L,4,-0.5410379611096281,100
sonde_temp_bot,Alk_mg_L,4,-0.4749960419940088,100
sonde_cond_bot,TOC_mg_L,4,-0.539416901393573,100
sonde_cond_bot,Alk_mg_L,4,-0.262185378466694,100
sonde_turb_bot,TOC_mg_L,4,-0.5482384723264668,100
sonde_turb_bot,Alk_mg_L,4,-0.13941826308869204,100
sonde_temp_all,TOC_mg_L,4,-0.5671172233354764,100
sonde_temp_all,Alk_mg_L,4,-0.527341883105889,100
sonde_cond_all,TOC_mg_L,4,-0.47035480768896587,100
sonde_cond_all,Alk_mg_L,4,-0.3417455348636636,100
sonde_turb_all,TOC_mg_L,4,-0.44392287216611315,100
sonde_turb_all,Alk_mg_L,4,-0.21470138018254262,100
sonde_turb_max,TOC_mg_L,4,-0.48258397250532004,100
sonde_turb_max,Alk_mg_L,4,-0.12458582780334629,100
sonde_chl_surf,TOC_mg_L,4,-0.06404133180391157,100
sonde_chl_surf,Alk_mg_L,4,-0.47218839395807666,100
sonde_do_all,TOC_mg_L,4,0.5491185106866051,100
sonde_do_all,Alk_mg_L,4,0.3528197324157126,100
sonde_ph_all,TOC_mg_L,4,-0.23233745571597417,100
sonde_ph_all,Alk_mg_L,4,-0.004375658544955929,100
sonde_strat,TOC_mg_L,4,0.29422852571482616,100
sonde_strat,Alk_mg_L,4,-0.05274199126821365,100
sonde_temp_surf,TOC_mg_L,5,-0.5557657802223871,99
sonde_temp_surf,Alk_mg_L,5,-0.4889055394817501,99
sonde_cond_surf,TOC_mg_L,5,-0.4846531877967706,99
sonde_cond_surf,Alk_mg_L,5,-0.39182344247881995,99
sonde_turb_surf,TOC_mg_L,5,-0.04285801573281468,99
sonde_turb_surf,Alk_mg_L,5,-0.019903375739801915,99
sonde_temp_bot,TOC_mg_L,5,-0.5498556868292691,99
sonde_temp_bot,Alk_mg_L,5,-0.4627575833181598,99
sonde_cond_bot,TOC_mg_L,5,-0.4507116363231188,99
sonde_cond_bot,Alk_mg_L,5,-0.26226517564886137,99
sonde_turb_bot,TOC_mg_L,5,-0.5571748201461866,99
sonde_turb_bot,Alk_mg_L,5,-0.09478122147586675,99
sonde_temp_all,TOC_mg_L,5,-0.5777339675432426,99
sonde_temp_all,Alk_mg_L,5,-0.49757203737273425,99
sonde_cond_all,TOC_mg_L,5,-0.46668675917730273,99
sonde_cond_all,Alk_mg_L,5,-0.3395832035856286,99
sonde_turb_all,TOC_mg_L,5,-0.4442207454151263,99
sonde_turb_all,Alk_mg_L,5,-0.19132484887241158,99
sonde_turb_max,TOC_mg_L,5,-0.47840467932419967,99
sonde_turb_max,Alk_mg_L,5,-0.10168915088753078,99
sonde_chl_surf,TOC_mg_L,5,0.01385621212892972,99
sonde_chl_surf,Alk_mg_L,5,-0.47930644717495,99
sonde_do_all,TOC_mg_L,5,0.5575337023281038,99
sonde_do_all,Alk_mg_L,5,0.34266380026636384,99
sonde_ph_all,TOC_mg_L,5,-0.23100423355347022,99
sonde_ph_all,Alk_mg_L,5,-0.016831934876065564,99
sonde_strat,TOC_mg_L,5,0.23861204275929815,99
sonde_strat,Alk_mg_L,5,-0.027842902931705663,99
